CentralCentralRegion,10028.0,1946.7,9/21/2020
CentralCentralRegion,10123.0,1965.1,9/22/2020
CentralCentralRegion,10155.0,1971.3,9/23/2020
CentralCentralRegion,1020,196.991,5/9/2020
CentralCentralRegion,10249.0,1989.6,9/24/2020
CentralCentralRegion,10323.0,2003.9,9/25/2020
CentralCentralRegion,10384.0,2015.8,9/26/2020
CentralCentralRegion,10412.0,2021.2,9/27/2020
CentralCentralRegion,1043,201.433,5/10/2020
CentralCentralRegion,10454.0,2029.3,9/28/2020
CentralCentralRegion,10502.0,2038.7,9/29/2020
CentralCentralRegion,10556.0,2049.1,9/30/2020
CentralCentralRegion,10596.0,2056.9,10/1/2020
CentralCentralRegion,10667.0,2070.7,10/2/2020
CentralCentralRegion,1070,206.647,5/11/2020
CentralCentralRegion,10709.0,2078.9,10/3/2020
CentralCentralRegion,10749.0,2086.6,10/4/2020
CentralCentralRegion,10780.0,2092.6,10/5/2020
CentralCentralRegion,10844.0,2105.1,10/6/2020
CentralCentralRegion,10897.0,2115.3,10/7/2020
CentralCentralRegion,10949.0,2125.4,10/8/2020
CentralCentralRegion,1098,212.055,5/12/2020
CentralCentralRegion,11002.0,2135.7,10/9/2020
CentralCentralRegion,11078.0,2150.5,10/10/2020
CentralCentralRegion,11108.00,2156.30,10/11/2020
CentralCentralRegion,11149.0,2164.3,10/12/2020
CentralCentralRegion,11177.0,2169.7,10/13/2020
CentralCentralRegion,11218.0,2177.7,10/14/2020
CentralCentralRegion,1127,217.655,5/13/2020
CentralCentralRegion,11278.0,2189.3,10/15/2020
CentralCentralRegion,11311.00,2195.71,10/16/2020
CentralCentralRegion,11363.0,2205.8,10/17/2020
CentralCentralRegion,11422.0,2217.3,10/18/2020
CentralCentralRegion,11456.0,2223.9,10/19/2020
CentralCentralRegion,11486.0,2229.7,10/20/2020
CentralCentralRegion,11527.0,2237.6,10/21/2020
CentralCentralRegion,11601.0,2252.0,10/22/2020
CentralCentralRegion,11659.0,2263.3,10/23/2020
CentralCentralRegion,11703.0,2271.8,10/24/2020
CentralCentralRegion,11749.0,2280.7,10/25/2020
CentralCentralRegion,11792.0,2289.1,10/26/2020
CentralCentralRegion,11845.0,2299.4,10/27/2020
CentralCentralRegion,11910.0,2312.0,10/28/2020
CentralCentralRegion,12001.0,2329.7,10/29/2020
CentralCentralRegion,12117.0,2352.2,10/30/2020
CentralCentralRegion,12189.0,2366.1,10/31/2020
CentralCentralRegion,12236.0,2375.3,11/1/2020
CentralCentralRegion,12278.0,2383.4,11/2/2020
CentralCentralRegion,12341.0,2395.7,11/3/2020
CentralCentralRegion,12444.0,2415.6,11/4/2020
CentralCentralRegion,12540.0,2434.3,11/5/2020
CentralCentralRegion,12616.0,2449.0,11/6/2020
CentralCentralRegion,12693.0,2464.0,11/7/2020
CentralCentralRegion,12738.0,2472.7,11/8/2020
CentralCentralRegion,1276,246.431,5/18/2020
CentralCentralRegion,12820.0,2488.6,11/9/2020
CentralCentralRegion,12933.0,2510.6,11/10/2020
CentralCentralRegion,13035.0,2530.4,11/11/2020
CentralCentralRegion,1310,252.998,5/19/2020
CentralCentralRegion,13143.00,2551.34,11/12/2020
CentralCentralRegion,13281.0,2578.1,11/13/2020
CentralCentralRegion,1340,258.792,5/20/2020
CentralCentralRegion,13464.0,2613.7,11/14/2020
CentralCentralRegion,13617.0,2643.4,11/15/2020
CentralCentralRegion,1366,263.813,5/21/2020
CentralCentralRegion,13755.0,2670.1,11/16/2020
CentralCentralRegion,13925.0,2703.1,11/16/2020
CentralCentralRegion,14113.0,2739.6,11/18/2020
CentralCentralRegion,14310.0,2777.9,11/19/2020
CentralCentralRegion,1433,276.753,5/23/2020
CentralCentralRegion,1451,280.229,5/24/2020
CentralCentralRegion,14547.0,2823.9,11/20/2020
CentralCentralRegion,1467,283.319,5/25/2020
CentralCentralRegion,14702.0,2854.0,11/21/2020
CentralCentralRegion,1488,287.375,5/26/2020
CentralCentralRegion,14904.0,2893.2,11/22/2020
CentralCentralRegion,15194.00,2949.48,11/23/2020
CentralCentralRegion,1531,295.679,5/27/2020
CentralCentralRegion,1553,299.928,5/28/2020
CentralCentralRegion,1601,309.198,5/29/2020
CentralCentralRegion,1625,313.833,5/30/2020
CentralCentralRegion,16251.0,3154.7,11/28/2020
CentralCentralRegion,1640,316.73,5/31/2020
CentralCentralRegion,16449.0,3193.1,11/29/2020
CentralCentralRegion,1658,320.206,6/1/2020
CentralCentralRegion,16624.0,3227.1,11/30/2020
CentralCentralRegion,16785.0,3258.3,12/1/2020
CentralCentralRegion,1694,327.159,6/2/2020
CentralCentralRegion,17021.0,3304.1,12/2/2020
CentralCentralRegion,1711.00,330.442,6/3/2020
CentralCentralRegion,17304.0,3359.1,12/3/2020
CentralCentralRegion,17637.0,3423.7,12/4/2020
CentralCentralRegion,1764.00,340.678,6/4/2020
CentralCentralRegion,17930.0,3480.6,12/5/2020
CentralCentralRegion,1809.00,349.369,6/5/2020
CentralCentralRegion,18210.0,3535.0,12/6/2020
CentralCentralRegion,18416.0,3574.9,12/7/2020
CentralCentralRegion,1842.00,355.742,6/6/2020
CentralCentralRegion,18684.0,3627.0,12/8/2020
CentralCentralRegion,1874.00,361.922,6/7/2020
CentralCentralRegion,1892.00,365.398
CentralCentralRegion,18983.0,3685.0,12/9/2020
CentralCentralRegion,1928.00,372.351,6/9/2020
CentralCentralRegion,19409.0,3767.7,12/10/2020
CentralCentralRegion,1965.00,379.497,6/10/2020
CentralCentralRegion,19722.0,3828.5,12/11/2020
CentralCentralRegion,1997.0,385.7,6/11/2020
CentralCentralRegion,20060.0,3894.1,12/12/2020
CentralCentralRegion,20334.0,3947.3,12/13/2020
CentralCentralRegion,2038,393.6,6/12/2020
CentralCentralRegion,20641.0,4006.9,12/14/2020
CentralCentralRegion,2070,399.8,6/13/2020
CentralCentralRegion,21022.0,4080.8,12/15/2020
CentralCentralRegion,2109.0,407.3,6/14/2020
CentralCentralRegion,2138.00,412.91,6/15/2020
CentralCentralRegion,2162.0,417.5,6/16/2020
CentralCentralRegion,2222,429.1,6/17/2020
CentralCentralRegion,2278.0,439.9,6/18/2020
CentralCentralRegion,2318.0,447.7,6/19/2020
CentralCentralRegion,2407.0,464.9,6/20/2020
CentralCentralRegion,24682.0,4791.3,12/24/2020
CentralCentralRegion,2475.0,478.0,6/21/2020
CentralCentralRegion,25058.0,4864.3,12/25/2020
CentralCentralRegion,2514.0,485.5,6/22/2020
CentralCentralRegion,25515.0,4953.0,12/26/2020
CentralCentralRegion,25791.0,5006.6,12/27/2020
CentralCentralRegion,2592.0,500.6,6/23/2020
CentralCentralRegion,26178.0,5081.7,12/28/2020
CentralCentralRegion,2790.0,538.8,6/25/2020
CentralCentralRegion,2863.0,552.9,6/26/2020
CentralCentralRegion,296,57.1659,4/3/2020
CentralCentralRegion,2999.0,579.2,6/27/2020
CentralCentralRegion,3093.0,597.3,6/28/2020
CentralCentralRegion,3162.0,610.7,6/29/2020
CentralCentralRegion,324,62.5735,4/5/2020
CentralCentralRegion,3273.0,632.1,6/30/2020
CentralCentralRegion,3417.0,659.9,7/1/2020
CentralCentralRegion,350,67.5948,4/6/2020
CentralCentralRegion,3530.0,681.7,7/2/2020
CentralCentralRegion,3626.0,700.3,7/3/2020
CentralCentralRegion,368,71.0711,4/7/2020
CentralCentralRegion,3715.0,717.5,7/4/2020
CentralCentralRegion,3768.0,727.7,7/5/2020
CentralCentralRegion,3874.0,748.2,7/6/2020
CentralCentralRegion,392,75.7062,4/8/2020
CentralCentralRegion,3942.0,761.3,7/7/2020
CentralCentralRegion,4051.0,782.4,7/8/2020
CentralCentralRegion,419,80.9207,4/10/2020
CentralCentralRegion,424,81.8863,4/11/20
CentralCentralRegion,431,83.2382,4/12/20
CentralCentralRegion,438,84.59,4/13/2020
CentralCentralRegion,457,88.26,4/14/2020
CentralCentralRegion,470,90.77,4/15/2020
CentralCentralRegion,4732.0,913.9,7/15/2020
CentralCentralRegion,490,94.633,4/16/2020
CentralCentralRegion,499,96.371,4/17/2020
CentralCentralRegion,506,97.723,4/18/2020
CentralCentralRegion,520,100.427,4/19/2020
CentralCentralRegion,541,104.482,4/21/2020
CentralCentralRegion,5539.0,1069.7,7/22/2020
CentralCentralRegion,5617.0,1084.8,7/23/2020
CentralCentralRegion,5735.0,1107.6,7/24/2020
CentralCentralRegion,5793.0,1118.8,7/25/2020
CentralCentralRegion,5889.0,1137.3,7/26/2020
CentralCentralRegion,598,115.491,4/23/2020
CentralCentralRegion,6066.0,1177.5,7/28/2020
CentralCentralRegion,6142.0,1192.3,7/29/2020
CentralCentralRegion,6222.0,1207.8,7/30/2020
CentralCentralRegion,6307.0,1224.3,7/31/2020
CentralCentralRegion,6370.0,1236.6,8/1/2020
CentralCentralRegion,643,124.181,4/26/2020
CentralCentralRegion,6450.0,1252.1,8/2/2020
CentralCentralRegion,6522.0,1266.1,8/3/2020
CentralCentralRegion,6589.0,1279.1,8/4/2020
CentralCentralRegion,6644.0,1289.7,8/5/2020
CentralCentralRegion,675,130.361,4/27/2020
CentralCentralRegion,6759.0,1312.1,8/6/2020
CentralCentralRegion,6862.0,1332.1,8/7/2020
CentralCentralRegion,6940.0,1347.2,8/8/2020
CentralCentralRegion,6983.0,1355.6,8/9/2020
CentralCentralRegion,699,134.997,4/28/2020
CentralCentralRegion,7032.0,1365.1,8/10/2020
CentralCentralRegion,7081.0,1374.6,8/11/2020
CentralCentralRegion,7126.0,1383.3,8/12/2020
CentralCentralRegion,7192.0,1396.1,8/13/2020
CentralCentralRegion,7245.0,1406.4,8/14/2020
CentralCentralRegion,7316.0,1420.2,8/15/2020
CentralCentralRegion,7373.0,1431.3,8/16/2020
CentralCentralRegion,739,142.722,4/29/2020
CentralCentralRegion,7411.0,1438.6,8/17/2020
CentralCentralRegion,7451.0,1446.4,8/18/2020
CentralCentralRegion,7511.0,1458.0,8/19/2020
CentralCentralRegion,7567.0,1468.9,8/20/2020
CentralCentralRegion,7626.0,1480.4,8/21/2020
CentralCentralRegion,7692.0,1493.2,8/22/2020
CentralCentralRegion,7729.0,1500.4,8/23/2020
CentralCentralRegion,7777.0,1509.7,8/24/2020
CentralCentralRegion,7823.0,1518.6,8/25/2020
CentralCentralRegion,7871.0,1527.9,8/26/2020
CentralCentralRegion,793,153.151,5/1/2020
CentralCentralRegion,7930.0,1539.4,8/27/2020
CentralCentralRegion,7979.0,1548.9,8/28/2020
CentralCentralRegion,8029.0,1558.6,8/29/2020
CentralCentralRegion,8073.0,1567.1,8/30/2020
CentralCentralRegion,8134.0,1579.0,8/31/2020
CentralCentralRegion,818,157.979,5/2/2020
CentralCentralRegion,8215.0,1594.7,9/1/2020
CentralCentralRegion,8308.0,1612.8,9/2/2020
CentralCentralRegion,834,161.069,5/3/2020
CentralCentralRegion,8460.0,1642.3,9/3/2020
CentralCentralRegion,8605.0,1670.4,9/4/2020
CentralCentralRegion,866,167.249,5/4/2020
CentralCentralRegion,8707.0,1690.2,9/5/2020
CentralCentralRegion,8764.0,1701.3,9/6/2020
CentralCentralRegion,8841.0,1716.2,9/7/2020
CentralCentralRegion,896,173.043,5/5/2020
CentralCentralRegion,918,177.292,5/6/2020
CentralCentralRegion,9443.0,1833.1,9/13/2020
CentralCentralRegion,9521.0,1848.2,9/14/2020
CentralCentralRegion,960,185.403,5/7/2020
CentralCentralRegion,9604.0,1864.3,9/15/2020
CentralCentralRegion,9664.0,1876.0,9/16/2020
CentralCentralRegion,9744.0,1891.5,9/17/2020
CentralCentralRegion,9816.0,1905.5,9/18/2020
CentralCentralRegion,990,191.197,5/8/2020
CentralCentralRegion,9913.0,1924.3,9/19/2020
CentralCentralRegion,9968.0,1935.0,9/20/2020
EastRegion,1011,208.236,5/20/2020
EastRegion,10161.0,2079.0,11/15/2020
EastRegion,10304.0,2108.3,11/16/2020
EastRegion,1039,214.003,5/21/2020
EastRegion,10459.0,2140.0,11/16/2020
EastRegion,10624.0,2173.7,11/18/2020
EastRegion,10841.0,2218.1,11/19/2020
EastRegion,1092,224.92,5/23/2020
EastRegion,1109,228.421,5/24/2020
EastRegion,11188.0,2289.1,11/20/2020
EastRegion,1122,231.099,5/25/2020
EastRegion,1136,233.982,5/26/2020
EastRegion,11396.0,2331.7,11/21/2020
EastRegion,1158,238.514,5/27/2020
EastRegion,11605.0,2374.5,11/22/2020
EastRegion,11851.00,2424.80,11/23/2020
EastRegion,1189,244.899,5/28/2020
EastRegion,1204,247.988,5/29/2020
EastRegion,1212,249.636,5/30/2020
EastRegion,1225,252.314,5/31/2020
EastRegion,1252,257.875,6/1/2020
EastRegion,1263,260.14,6/2/2020
EastRegion,1288.00,265.290,6/3/2020
EastRegion,13034.0,2666.8,11/28/2020
EastRegion,1321.00,272.087,6/4/2020
EastRegion,13211.0,2703.1,11/29/2020
EastRegion,1345.00,277.030,6/5/2020
EastRegion,13455.0,2753.0,11/30/2020
EastRegion,13651.0,2793.1,12/1/2020
EastRegion,1366.00,281.355,6/6/2020
EastRegion,13822.0,2828.1,12/2/2020
EastRegion,1392.00,286.711,6/7/2020
EastRegion,1404.00,289.182
EastRegion,14158.0,2896.8,12/3/2020
EastRegion,1422.00,292.890,6/9/2020
EastRegion,1447.00,298.039,6/10/2020
EastRegion,14584.0,2984.0,12/4/2020
EastRegion,1470.0,302.8,6/11/2020
EastRegion,14849.0,3038.2,12/5/2020
EastRegion,1492,307.3,6/12/2020
EastRegion,1507,310.4,6/13/2020
EastRegion,15130.0,3095.7,12/6/2020
EastRegion,1528.0,314.7,6/14/2020
EastRegion,15357.0,3142.1,12/7/2020
EastRegion,1550.00,319.25,6/15/2020
EastRegion,15704.0,3213.1,12/8/2020
EastRegion,1574.0,324.2,6/16/2020
EastRegion,15975.0,3268.6,12/9/2020
EastRegion,1617,333.1,6/17/2020
EastRegion,16401.0,3355.8,12/10/2020
EastRegion,1649.0,339.6,6/18/2020
EastRegion,1665.0,342.9,6/19/2020
EastRegion,16772.0,3431.7,12/11/2020
EastRegion,1708.0,351.8,6/20/2020
EastRegion,17114.0,3501.6,12/12/2020
EastRegion,1743.0,359.0,6/21/2020
EastRegion,17474.0,3575.3,12/13/2020
EastRegion,1773.0,365.2,6/22/2020
EastRegion,17739.0,3629.5,12/14/2020
EastRegion,179,36.8687,4/3/2020
EastRegion,18144.0,3712.4,12/15/2020
EastRegion,1828.0,376.5,6/23/2020
EastRegion,1916.0,394.6,6/25/2020
EastRegion,1967.0,405.1,6/26/2020
EastRegion,2057.0,423.7,6/27/2020
EastRegion,210,43.2538,4/5/2020
EastRegion,2120.0,436.7,6/28/2020
EastRegion,2164.0,445.7,6/29/2020
EastRegion,21749.0,4450.0,12/24/2020
EastRegion,22230.0,4548.4,12/25/2020
EastRegion,2231.0,459.5,6/30/2020
EastRegion,22675.0,4639.5,12/26/2020
EastRegion,22932.0,4692.1,12/27/2020
EastRegion,230,47.3732,4/6/2020
EastRegion,23279.0,4763.0,12/28/2020
EastRegion,2335.0,480.9,7/1/2020
EastRegion,2392.0,492.7,7/2/2020
EastRegion,244,50.2567,4/7/2020
EastRegion,2446.0,503.8,7/3/2020
EastRegion,2534.0,521.9,7/4/2020
EastRegion,2569.0,529.1,7/5/2020
EastRegion,264,54.3761,4/8/2020
EastRegion,2695.0,555.1,7/6/2020
EastRegion,2730.0,562.3,7/7/2020
EastRegion,2833.0,583.5,7/8/2020
EastRegion,295,60.7612,4/10/2020
EastRegion,303,62.409,4/11/20
EastRegion,312,64.2627,4/12/20
EastRegion,324,66.734,4/13/2020
EastRegion,3363.0,692.7,7/15/2020
EastRegion,340,70.03,4/14/2020
EastRegion,350,72.09,4/15/2020
EastRegion,361,74.355,4/16/2020
EastRegion,368,75.797,4/17/2020
EastRegion,381,78.475,4/18/2020
EastRegion,389,80.122,4/19/2020
EastRegion,3978.0,819.3,7/22/2020
EastRegion,4078.0,839.9,7/23/2020
EastRegion,415,85.478,4/21/2020
EastRegion,4164.0,857.7,7/24/2020
EastRegion,4219.0,869.0,7/25/2020
EastRegion,4335.0,892.9,7/26/2020
EastRegion,4461.0,912.8,7/28/2020
EastRegion,4533.0,927.5,7/29/2020
EastRegion,4598.0,940.8,7/30/2020
EastRegion,4696.0,960.8,7/31/2020
EastRegion,4746.0,971.1,8/1/2020
EastRegion,475,97.836,4/23/2020
EastRegion,4797.0,981.5,8/2/2020
EastRegion,4844.0,991.1,8/3/2020
EastRegion,4890.0,1000.5,8/4/2020
EastRegion,4940.0,1010.8,8/5/2020
EastRegion,5022.0,1027.5,8/6/2020
EastRegion,510,105.045,4/26/2020
EastRegion,5122.0,1048.0,8/7/2020
EastRegion,5179.0,1059.7,8/8/2020
EastRegion,5227.0,1069.5,8/9/2020
EastRegion,5253.0,1074.8,8/10/2020
EastRegion,5291.0,1082.6,8/11/2020
EastRegion,5328.0,1090.1,8/12/2020
EastRegion,537,110.606,4/27/2020
EastRegion,5405.0,1105.9,8/13/2020
EastRegion,5439.0,1112.9,8/14/2020
EastRegion,5482.0,1121.7,8/15/2020
EastRegion,552,113.696,4/28/2020
EastRegion,5528.0,1131.1,8/16/2020
EastRegion,5544.0,1134.3,8/17/2020
EastRegion,5586.0,1142.9,8/18/2020
EastRegion,5614.0,1148.7,8/19/2020
EastRegion,5658.0,1157.7,8/20/2020
EastRegion,571,117.609,4/29/2020
EastRegion,5713.0,1168.9,8/21/2020
EastRegion,5777.0,1182.0,8/22/2020
EastRegion,5803.0,1187.3,8/23/2020
EastRegion,5828.0,1192.4,8/24/2020
EastRegion,5862.0,1199.4,8/25/2020
EastRegion,5904.0,1208.0,8/26/2020
EastRegion,5935.0,1214.3,8/27/2020
EastRegion,5966.0,1220.7,8/28/2020
EastRegion,6004.0,1228.5,8/29/2020
EastRegion,603,124.2,5/1/2020
EastRegion,6040.0,1235.8,8/30/2020
EastRegion,6075.0,1243.0,8/31/2020
EastRegion,6102.0,1248.5,9/1/2020
EastRegion,6134.0,1255.1,9/2/2020
EastRegion,6179.0,1264.3,9/3/2020
EastRegion,620,127.702,5/2/2020
EastRegion,6227.0,1274.1,9/4/2020
EastRegion,6257.0,1280.2,9/5/2020
EastRegion,6292.0,1287.4,9/6/2020
EastRegion,6309.0,1290.9,9/7/2020
EastRegion,635,130.791,5/3/2020
EastRegion,6521.0,1334.2,9/13/2020
EastRegion,654,134.705,5/4/2020
EastRegion,6558.0,1341.8,9/14/2020
EastRegion,6580.0,1346.3,9/15/2020
EastRegion,6586.0,1347.5,9/16/2020
EastRegion,6633.0,1357.2,9/17/2020
EastRegion,6659.0,1362.5,9/18/2020
EastRegion,6685.0,1367.8,9/19/2020
EastRegion,6737.0,1378.4,9/20/2020
EastRegion,6762.0,1383.6,9/21/2020
EastRegion,6790.0,1389.3,9/22/2020
EastRegion,680,140.06,5/5/2020
EastRegion,6813.0,1394.0,9/23/2020
EastRegion,6854.0,1402.4,9/24/2020
EastRegion,6886.0,1408.9,9/25/2020
EastRegion,6922.0,1416.3,9/26/2020
EastRegion,6942.0,1420.4,9/27/2020
EastRegion,697,143.561,5/6/2020
EastRegion,6979.0,1428.0,9/28/2020
EastRegion,6993.0,1430.8,9/29/2020
EastRegion,7043.0,1441.0,9/30/2020
EastRegion,7093.0,1451.3,10/1/2020
EastRegion,7180.0,1469.1,10/2/2020
EastRegion,7225.0,1478.3,10/3/2020
EastRegion,7244.0,1482.2,10/4/2020
EastRegion,7265.0,1486.5,10/5/2020
EastRegion,7300.0,1493.6,10/6/2020
EastRegion,7348.0,1503.5,10/7/2020
EastRegion,7409.0,1515.9,10/8/2020
EastRegion,7463.0,1527.0,10/9/2020
EastRegion,750,154.478,5/7/2020
EastRegion,7530.0,1540.7,10/10/2020
EastRegion,7553.00,1545.40,10/11/2020
EastRegion,7603.0,1555.6,10/12/2020
EastRegion,7632.0,1561.6,10/13/2020
EastRegion,7653.0,1565.9,10/14/2020
EastRegion,767,157.979,5/8/2020
EastRegion,7696.0,1574.7,10/15/2020
EastRegion,7727.00,1581.00,10/16/2020
EastRegion,7774.0,1590.6,10/17/2020
EastRegion,784,161.481,5/9/2020
EastRegion,7840.0,1604.1,10/18/2020
EastRegion,7879.0,1612.1,10/19/2020
EastRegion,7916.0,1619.7,10/20/2020
EastRegion,7951.0,1626.8,10/21/2020
EastRegion,8020.0,1640.9,10/22/2020
EastRegion,803,165.394,5/10/2020
EastRegion,8086.0,1654.5,10/23/2020
EastRegion,8137.0,1664.9,10/24/2020
EastRegion,8203.0,1678.4,10/25/2020
EastRegion,824,169.719,5/11/2020
EastRegion,8253.0,1688.6,10/26/2020
EastRegion,8294.0,1697.0,10/27/2020
EastRegion,8378.0,1714.2,10/28/2020
EastRegion,840,173.015,5/12/2020
EastRegion,8449.0,1728.7,10/29/2020
EastRegion,8509.0,1741.0,10/30/2020
EastRegion,854,175.899,5/13/2020
EastRegion,8560.0,1751.4,10/31/2020
EastRegion,8631.0,1766.0,11/1/2020
EastRegion,8679.0,1775.8,11/2/2020
EastRegion,8768.0,1794.0,11/3/2020
EastRegion,8870.0,1814.9,11/4/2020
EastRegion,8942.0,1829.6,11/5/2020
EastRegion,9039.0,1849.4,11/6/2020
EastRegion,9143.0,1870.7,11/7/2020
EastRegion,9213.0,1885.0,11/8/2020
EastRegion,9284.0,1899.6,11/9/2020
EastRegion,9419.0,1927.2,11/10/2020
EastRegion,9540.0,1952.0,11/11/2020
EastRegion,9677.00,1979.98,11/12/2020
EastRegion,974,200.615,5/18/2020
EastRegion,9819.0,2009.0,11/13/2020
EastRegion,987,203.293,5/19/2020
EastRegion,9992.0,2044.4,11/14/2020
NorthCentralRegion,10043.0,1501.3,12/3/2020
NorthCentralRegion,1011.0,151.9,6/19/2020
NorthCentralRegion,10273.0,1535.7,12/4/2020
NorthCentralRegion,1037.0,155.9,6/20/2020
NorthCentralRegion,10459.0,1563.5,12/5/2020
NorthCentralRegion,10656.0,1592.9,12/6/2020
NorthCentralRegion,1072.0,161.1,6/21/2020
NorthCentralRegion,10788.0,1612.6,12/7/2020
NorthCentralRegion,11008.0,1645.5,12/8/2020
NorthCentralRegion,1105.0,166.1,6/22/2020
NorthCentralRegion,11194.0,1673.3,12/9/2020
NorthCentralRegion,1148.0,172.5,6/23/2020
NorthCentralRegion,11485.0,1716.8,12/10/2020
NorthCentralRegion,11733.0,1753.9,12/11/2020
NorthCentralRegion,11925.0,1782.6,12/12/2020
NorthCentralRegion,12124.0,1812.3,12/13/2020
NorthCentralRegion,12308.0,1839.9,12/14/2020
NorthCentralRegion,12548.0,1875.7,12/15/2020
NorthCentralRegion,1262.0,189.7,6/25/2020
NorthCentralRegion,1335.0,200.6,6/26/2020
NorthCentralRegion,1392.0,209.2,6/27/2020
NorthCentralRegion,1438.0,216.1,6/28/2020
NorthCentralRegion,1474.0,221.5,6/29/2020
NorthCentralRegion,14949.0,2234.6,12/24/2020
NorthCentralRegion,15242.0,2278.4,12/25/2020
NorthCentralRegion,15572.0,2327.8,12/26/2020
NorthCentralRegion,1559.0,234.3,6/30/2020
NorthCentralRegion,15746.0,2353.8,12/27/2020
NorthCentralRegion,16004.0,2392.4,12/28/2020
NorthCentralRegion,1629.0,244.8,7/1/2020
NorthCentralRegion,1685.0,253.2,7/2/2020
NorthCentralRegion,1750.0,263.0,7/3/2020
NorthCentralRegion,1825.0,274.3,7/4/2020
NorthCentralRegion,1866.0,280.4,7/5/2020
NorthCentralRegion,1937.0,291.1,7/6/2020
NorthCentralRegion,1974.0,296.7,7/7/2020
NorthCentralRegion,2045.0,307.3,7/8/2020
NorthCentralRegion,2528.0,379.9,7/15/2020
NorthCentralRegion,254,38.174,4/3/2020
NorthCentralRegion,276,41.4804,4/5/2020
NorthCentralRegion,282,42.3821,4/6/2020
NorthCentralRegion,289,43.4342,4/7/2020
NorthCentralRegion,299,44.9371,4/8/2020
NorthCentralRegion,2993.0,449.8,7/22/2020
NorthCentralRegion,3044.0,457.5,7/23/2020
NorthCentralRegion,3081.0,463.0,7/24/2020
NorthCentralRegion,311,46.7406,4/10/2020
NorthCentralRegion,3111.0,467.6,7/25/2020
NorthCentralRegion,312,46.8909,4/11/20
NorthCentralRegion,314,47.1914,4/12/20
NorthCentralRegion,3169.0,476.3,7/26/2020
NorthCentralRegion,323,48.544,4/13/2020
NorthCentralRegion,3275.0,489.6,7/28/2020
NorthCentralRegion,3319.0,496.1,7/29/2020
NorthCentralRegion,3361.0,502.4,7/30/2020
NorthCentralRegion,3415.0,510.5,7/31/2020
NorthCentralRegion,344,51.7,4/14/2020
NorthCentralRegion,3453.0,516.2,8/1/2020
NorthCentralRegion,348,52.301,4/15/2020
NorthCentralRegion,3486.0,521.1,8/2/2020
NorthCentralRegion,3533.0,528.1,8/3/2020
NorthCentralRegion,355,53.353,4/16/2020
NorthCentralRegion,3568.0,533.4,8/4/2020
NorthCentralRegion,3601.0,538.3,8/5/2020
NorthCentralRegion,3660.0,547.1,8/6/2020
NorthCentralRegion,368,55.307,4/17/2020
NorthCentralRegion,3723.0,556.5,8/7/2020
NorthCentralRegion,376,56.509,4/18/2020
NorthCentralRegion,3761.0,562.2,8/8/2020
NorthCentralRegion,3783.0,565.5,8/9/2020
NorthCentralRegion,379,56.96,4/19/2020
NorthCentralRegion,3797.0,567.6,8/10/2020
NorthCentralRegion,3816.0,570.4,8/11/2020
NorthCentralRegion,3833.0,573.0,8/12/2020
NorthCentralRegion,3877.0,579.6,8/13/2020
NorthCentralRegion,3907.0,584.0,8/14/2020
NorthCentralRegion,3935.0,588.2,8/15/2020
NorthCentralRegion,395,59.365,4/21/2020
NorthCentralRegion,3953.0,590.9,8/16/2020
NorthCentralRegion,3968.0,593.2,8/17/2020
NorthCentralRegion,3988.0,596.1,8/18/2020
NorthCentralRegion,4011.0,599.6,8/19/2020
NorthCentralRegion,4032.0,602.7,8/20/2020
NorthCentralRegion,4055.0,606.2,8/21/2020
NorthCentralRegion,4075.0,609.1,8/22/2020
NorthCentralRegion,4091.0,611.5,8/23/2020
NorthCentralRegion,4118.0,615.6,8/24/2020
NorthCentralRegion,4132.0,617.7,8/25/2020
NorthCentralRegion,4157.0,621.4,8/26/2020
NorthCentralRegion,4179.0,624.7,8/27/2020
NorthCentralRegion,4195.0,627.1,8/28/2020
NorthCentralRegion,422,63.423,4/23/2020
NorthCentralRegion,4222.0,631.1,8/29/2020
NorthCentralRegion,4249.0,635.2,8/30/2020
NorthCentralRegion,4273.0,638.7,8/31/2020
NorthCentralRegion,4294.0,641.9,9/1/2020
NorthCentralRegion,4327.0,646.8,9/2/2020
NorthCentralRegion,4367.0,652.8,9/3/2020
NorthCentralRegion,4403.0,658.2,9/4/2020
NorthCentralRegion,442,66.429,4/26/2020
NorthCentralRegion,4438.0,663.4,9/5/2020
NorthCentralRegion,4458.0,666.4,9/6/2020
NorthCentralRegion,4474.0,668.8,9/7/2020
NorthCentralRegion,459,68.984,4/27/2020
NorthCentralRegion,4647.0,694.7,9/13/2020
NorthCentralRegion,4682.0,699.9,9/14/2020
NorthCentralRegion,4712.0,704.4,9/15/2020
NorthCentralRegion,4712.0,704.4,9/16/2020
NorthCentralRegion,473,71.088,4/28/2020
NorthCentralRegion,4751.0,710.2,9/17/2020
NorthCentralRegion,478,71.839,4/29/2020
NorthCentralRegion,4780.0,714.5,9/18/2020
NorthCentralRegion,4818.0,720.2,9/19/2020
NorthCentralRegion,4870.0,728.0,9/20/2020
NorthCentralRegion,4901.0,732.6,9/21/2020
NorthCentralRegion,4938.0,738.2,9/22/2020
NorthCentralRegion,4966.0,742.3,9/23/2020
NorthCentralRegion,497,74.695,5/1/2020
NorthCentralRegion,502,75.446,5/2/2020
NorthCentralRegion,5029.0,751.8,9/24/2020
NorthCentralRegion,504,75.747,5/3/2020
NorthCentralRegion,5075.0,758.6,9/25/2020
NorthCentralRegion,512,76.949,5/4/2020
NorthCentralRegion,5124.0,766.0,9/26/2020
NorthCentralRegion,5138.0,768.0,9/27/2020
NorthCentralRegion,5164.0,771.9,9/28/2020
NorthCentralRegion,5191.0,776.0,9/29/2020
NorthCentralRegion,5228.0,781.5,9/30/2020
NorthCentralRegion,523,78.602,5/5/2020
NorthCentralRegion,5266.0,787.2,10/1/2020
NorthCentralRegion,528,79.354,5/6/2020
NorthCentralRegion,5320.0,795.3,10/2/2020
NorthCentralRegion,5359.0,801.1,10/3/2020
NorthCentralRegion,539,81.007,5/7/2020
NorthCentralRegion,5391.0,805.9,10/4/2020
NorthCentralRegion,5421.0,810.4,10/5/2020
NorthCentralRegion,5463.0,816.6,10/6/2020
NorthCentralRegion,551,82.81,5/8/2020
NorthCentralRegion,5514.0,824.3,10/7/2020
NorthCentralRegion,5564.0,831.7,10/8/2020
NorthCentralRegion,559,84.013,5/9/2020
NorthCentralRegion,5608.0,838.3,10/9/2020
NorthCentralRegion,5660.0,846.1,10/10/2020
NorthCentralRegion,567,85.215,5/10/2020
NorthCentralRegion,569,85.516,5/11/2020
NorthCentralRegion,5690.00,850.57,10/11/2020
NorthCentralRegion,5718.0,854.8,10/12/2020
NorthCentralRegion,5750.0,859.5,10/13/2020
NorthCentralRegion,5793.0,866.0,10/14/2020
NorthCentralRegion,580,87.169,5/12/2020
NorthCentralRegion,5832.0,871.8,10/15/2020
NorthCentralRegion,587,88.221,5/13/2020
NorthCentralRegion,5876.00,878.37,10/16/2020
NorthCentralRegion,5914.0,884.0,10/17/2020
NorthCentralRegion,5968.0,892.1,10/18/2020
NorthCentralRegion,5994.0,896.0,10/19/2020
NorthCentralRegion,6032.0,901.7,10/20/2020
NorthCentralRegion,6064.0,906.5,10/21/2020
NorthCentralRegion,6107.0,912.9,10/22/2020
NorthCentralRegion,6157.0,920.4,10/23/2020
NorthCentralRegion,6185.0,924.6,10/24/2020
NorthCentralRegion,6217.0,929.3,10/25/2020
NorthCentralRegion,6258.0,935.5,10/26/2020
NorthCentralRegion,626,94.082,5/18/2020
NorthCentralRegion,6297.0,941.3,10/27/2020
NorthCentralRegion,6347.0,948.8,10/28/2020
NorthCentralRegion,635,95.435,5/19/2020
NorthCentralRegion,640,96.186,5/20/2020
NorthCentralRegion,6411.0,958.3,10/29/2020
NorthCentralRegion,6443.0,963.1,10/30/2020
NorthCentralRegion,6483.0,969.1,10/31/2020
NorthCentralRegion,6523.0,975.1,11/1/2020
NorthCentralRegion,654,98.29,5/21/2020
NorthCentralRegion,6559.0,980.5,11/2/2020
NorthCentralRegion,6605.0,987.3,11/3/2020
NorthCentralRegion,6672.0,997.4,11/4/2020
NorthCentralRegion,6733.0,1006.5,11/5/2020
NorthCentralRegion,674,101.296,5/23/2020
NorthCentralRegion,6809.0,1017.8,11/6/2020
NorthCentralRegion,683,102.649,5/24/2020
NorthCentralRegion,687,103.25,5/25/2020
NorthCentralRegion,6891.0,1030.1,11/7/2020
NorthCentralRegion,6945.0,1038.2,11/8/2020
NorthCentralRegion,696,104.603,5/26/2020
NorthCentralRegion,7031.0,1051.0,11/9/2020
NorthCentralRegion,705,105.955,5/27/2020
NorthCentralRegion,7101.0,1061.5,11/10/2020
NorthCentralRegion,716,107.608,5/28/2020
NorthCentralRegion,7179.0,1073.1,11/11/2020
NorthCentralRegion,7252.00,1084.06,11/12/2020
NorthCentralRegion,733,110.163,5/29/2020
NorthCentralRegion,7334.0,1096.3,11/13/2020
NorthCentralRegion,742,111.516,5/30/2020
NorthCentralRegion,7427.0,1110.2,11/14/2020
NorthCentralRegion,7525.0,1124.9,11/15/2020
NorthCentralRegion,755,113.47,5/31/2020
NorthCentralRegion,7620.0,1139.1,11/16/2020
NorthCentralRegion,769,115.574,6/1/2020
NorthCentralRegion,7713.0,1153.0,11/16/2020
NorthCentralRegion,779,117.077,6/2/2020
NorthCentralRegion,7823.0,1169.4,11/18/2020
NorthCentralRegion,793.00,119.181,6/3/2020
NorthCentralRegion,7947.0,1188.0,11/19/2020
NorthCentralRegion,8100.0,1210.8,11/20/2020
NorthCentralRegion,811.00,121.886,6/4/2020
NorthCentralRegion,820.00,123.239,6/5/2020
NorthCentralRegion,8222.0,1229.1,11/21/2020
NorthCentralRegion,829.00,124.591,6/6/2020
NorthCentralRegion,8352.0,1248.5,11/22/2020
NorthCentralRegion,836.00,125.643,6/7/2020
NorthCentralRegion,8506.00,1271.51,11/23/2020
NorthCentralRegion,853.00,128.198
NorthCentralRegion,859.00,129.100,6/9/2020
NorthCentralRegion,872.00,131.054,6/10/2020
NorthCentralRegion,877.0,131.8,6/11/2020
NorthCentralRegion,896,134.7,6/12/2020
NorthCentralRegion,908,136.5,6/13/2020
NorthCentralRegion,923.0,138.7,6/14/2020
NorthCentralRegion,9306.0,1391.1,11/28/2020
NorthCentralRegion,931.00,139.92,6/15/2020
NorthCentralRegion,943.0,141.7,6/16/2020
NorthCentralRegion,9431.0,1409.8,11/29/2020
NorthCentralRegion,9575.0,1431.3,11/30/2020
NorthCentralRegion,968,145.5,6/17/2020
NorthCentralRegion,9714.0,1452.1,12/1/2020
NorthCentralRegion,9847.0,1472.0,12/2/2020
NorthCentralRegion,993.0,149.2,6/18/2020
NorthCoastalRegion,10031.0,1789.2,12/5/2020
NorthCoastalRegion,10259.0,1829.9,12/6/2020
NorthCoastalRegion,1038.0,184.6,6/27/2020
NorthCoastalRegion,10448.0,1863.6,12/7/2020
NorthCoastalRegion,10676.0,1904.3,12/8/2020
NorthCoastalRegion,10916.0,1947.1,12/9/2020
NorthCoastalRegion,1098.0,195.3,6/28/2020
NorthCoastalRegion,11311.0,2017.5,12/10/2020
NorthCoastalRegion,1141.0,202.9,6/29/2020
NorthCoastalRegion,11720.0,2090.5,12/11/2020
NorthCoastalRegion,1180.0,209.9,6/30/2020
NorthCoastalRegion,12014.0,2142.9,12/12/2020
NorthCoastalRegion,12299.0,2193.8,12/13/2020
NorthCoastalRegion,1237.0,220.0,7/1/2020
NorthCoastalRegion,12535.0,2235.9,12/14/2020
NorthCoastalRegion,12794.0,2282.1,12/15/2020
NorthCoastalRegion,1298.0,230.9,7/2/2020
NorthCoastalRegion,1387.0,246.7,7/3/2020
NorthCoastalRegion,1449.0,257.7,7/4/2020
NorthCoastalRegion,1499.0,266.6,7/5/2020
NorthCoastalRegion,150,26.6777,4/3/2020
NorthCoastalRegion,1538.0,273.5,7/6/2020
NorthCoastalRegion,15745.0,2808.4,12/24/2020
NorthCoastalRegion,1583.0,281.5,7/7/2020
NorthCoastalRegion,16057.0,2864.1,12/25/2020
NorthCoastalRegion,163,28.9897,4/5/2020
NorthCoastalRegion,163,28.9897,4/6/2020
NorthCoastalRegion,1631.0,290.1,7/8/2020
NorthCoastalRegion,16384.0,2922.4,12/26/2020
NorthCoastalRegion,16587.0,2958.6,12/27/2020
NorthCoastalRegion,16887.0,3012.1,12/28/2020
NorthCoastalRegion,172,30.5904,4/7/2020
NorthCoastalRegion,174,30.9461,4/8/2020
NorthCoastalRegion,186,33.0803,4/10/2020
NorthCoastalRegion,188,33.436,4/11/20
NorthCoastalRegion,189,33.6139,4/12/20
NorthCoastalRegion,197,35.037,4/13/2020
NorthCoastalRegion,201,35.748,4/14/2020
NorthCoastalRegion,2020.0,359.3,7/15/2020
NorthCoastalRegion,207,36.815,4/15/2020
NorthCoastalRegion,208,36.993,4/16/2020
NorthCoastalRegion,212,37.704,4/17/2020
NorthCoastalRegion,214,38.06,4/18/2020
NorthCoastalRegion,216,38.416,4/19/2020
NorthCoastalRegion,223,39.661,4/21/2020
NorthCoastalRegion,231,41.084,4/23/2020
NorthCoastalRegion,2431.0,432.4,7/22/2020
NorthCoastalRegion,245,43.574,4/26/2020
NorthCoastalRegion,2461.0,437.7,7/23/2020
NorthCoastalRegion,2504.0,445.3,7/24/2020
NorthCoastalRegion,251,44.641,4/27/2020
NorthCoastalRegion,2533.0,450.5,7/25/2020
NorthCoastalRegion,256,45.53,4/28/2020
NorthCoastalRegion,2562.0,455.7,7/26/2020
NorthCoastalRegion,260,46.241,4/29/2020
NorthCoastalRegion,2634.0,469.8,7/28/2020
NorthCoastalRegion,2677.0,477.5,7/29/2020
NorthCoastalRegion,2717.0,484.6,7/30/2020
NorthCoastalRegion,276,49.087,5/1/2020
NorthCoastalRegion,2776.0,495.2,7/31/2020
NorthCoastalRegion,278,49.443,5/2/2020
NorthCoastalRegion,2799.0,499.3,8/1/2020
NorthCoastalRegion,282,50.154,5/3/2020
NorthCoastalRegion,2823.0,503.5,8/2/2020
NorthCoastalRegion,2844.0,507.3,8/3/2020
NorthCoastalRegion,2875.0,512.8,8/4/2020
NorthCoastalRegion,2896.0,516.6,8/5/2020
NorthCoastalRegion,294,52.288,5/4/2020
NorthCoastalRegion,296,52.644,5/5/2020
NorthCoastalRegion,3014.0,537.6,8/6/2020
NorthCoastalRegion,306,54.422,5/6/2020
NorthCoastalRegion,3062.0,546.2,8/7/2020
NorthCoastalRegion,3117.0,556.0,8/8/2020
NorthCoastalRegion,3137.0,559.5,8/9/2020
NorthCoastalRegion,3156.0,562.9,8/10/2020
NorthCoastalRegion,3189.0,568.8,8/11/2020
NorthCoastalRegion,319,56.735,5/7/2020
NorthCoastalRegion,3213.0,573.1,8/12/2020
NorthCoastalRegion,3246.0,579.0,8/13/2020
NorthCoastalRegion,3283.0,585.6,8/14/2020
NorthCoastalRegion,3317.0,591.6,8/15/2020
NorthCoastalRegion,333,59.224,5/8/2020
NorthCoastalRegion,3343.0,596.3,8/16/2020
NorthCoastalRegion,3384.0,603.6,8/17/2020
NorthCoastalRegion,3404.0,607.2,8/18/2020
NorthCoastalRegion,3432.0,612.2,8/19/2020
NorthCoastalRegion,344,61.181,5/9/2020
NorthCoastalRegion,3460.0,617.2,8/20/2020
NorthCoastalRegion,347,61.714,5/10/2020
NorthCoastalRegion,348,61.892,5/11/2020
NorthCoastalRegion,3491.0,622.7,8/21/2020
NorthCoastalRegion,3526.0,628.9,8/22/2020
NorthCoastalRegion,3544.0,632.1,8/23/2020
NorthCoastalRegion,355,63.137,5/12/2020
NorthCoastalRegion,3578.0,638.2,8/24/2020
NorthCoastalRegion,3609.0,643.7,8/25/2020
NorthCoastalRegion,3642.0,649.6,8/26/2020
NorthCoastalRegion,366,65.094,5/13/2020
NorthCoastalRegion,3682.0,656.8,8/27/2020
NorthCoastalRegion,3720.0,663.5,8/28/2020
NorthCoastalRegion,3759.0,670.5,8/29/2020
NorthCoastalRegion,3805.0,678.7,8/30/2020
NorthCoastalRegion,3834.0,683.9,8/31/2020
NorthCoastalRegion,3860.0,688.5,9/1/2020
NorthCoastalRegion,3894.0,694.6,9/2/2020
NorthCoastalRegion,3941.0,703.0,9/3/2020
NorthCoastalRegion,397,70.607,5/18/2020
NorthCoastalRegion,3988.0,711.3,9/4/2020
NorthCoastalRegion,399,70.963,5/19/2020
NorthCoastalRegion,4019.0,716.9,9/5/2020
NorthCoastalRegion,4038.0,720.3,9/6/2020
NorthCoastalRegion,4059.0,724.0,9/7/2020
NorthCoastalRegion,411,73.097,5/20/2020
NorthCoastalRegion,419,74.52,5/21/2020
NorthCoastalRegion,4271.0,761.8,9/13/2020
NorthCoastalRegion,430,76.476,5/23/2020
NorthCoastalRegion,4303.0,767.5,9/14/2020
NorthCoastalRegion,4331.0,772.5,9/15/2020
NorthCoastalRegion,4343.0,774.7,9/16/2020
NorthCoastalRegion,4400.0,784.8,9/17/2020
NorthCoastalRegion,441,78.432,5/24/2020
NorthCoastalRegion,4439.0,791.8,9/18/2020
NorthCoastalRegion,444,78.966,5/25/2020
NorthCoastalRegion,4466.0,796.6,9/19/2020
NorthCoastalRegion,449,79.855,5/26/2020
NorthCoastalRegion,4490.0,800.9,9/20/2020
NorthCoastalRegion,452,80.389,5/27/2020
NorthCoastalRegion,4520.0,806.2,9/21/2020
NorthCoastalRegion,4543.0,810.3,9/22/2020
NorthCoastalRegion,4555.0,812.5,9/23/2020
NorthCoastalRegion,458,81.456,5/28/2020
NorthCoastalRegion,4590.0,818.7,9/24/2020
NorthCoastalRegion,4614.0,823.0,9/25/2020
NorthCoastalRegion,462,82.167,5/29/2020
NorthCoastalRegion,4649.0,829.2,9/26/2020
NorthCoastalRegion,4668.0,832.6,9/27/2020
NorthCoastalRegion,467,83.056,5/30/2020
NorthCoastalRegion,470,83.59,5/31/2020
NorthCoastalRegion,4707.0,839.6,9/28/2020
NorthCoastalRegion,4730.0,843.7,9/29/2020
NorthCoastalRegion,4763.0,849.6,9/30/2020
NorthCoastalRegion,4798.0,855.8,10/1/2020
NorthCoastalRegion,480,85.369,6/1/2020
NorthCoastalRegion,4832.0,861.9,10/2/2020
NorthCoastalRegion,4858.0,866.5,10/3/2020
NorthCoastalRegion,486,86.436,6/2/2020
NorthCoastalRegion,4882.0,870.8,10/4/2020
NorthCoastalRegion,4902.0,874.4,10/5/2020
NorthCoastalRegion,4943.0,881.7,10/6/2020
NorthCoastalRegion,4980.0,888.3,10/7/2020
NorthCoastalRegion,5013.0,894.2,10/8/2020
NorthCoastalRegion,505.00,89.815,6/3/2020
NorthCoastalRegion,5056.0,901.8,10/9/2020
NorthCoastalRegion,5094.0,908.6,10/10/2020
NorthCoastalRegion,5114.00,912.18,10/11/2020
NorthCoastalRegion,5147.0,918.1,10/12/2020
NorthCoastalRegion,5168.0,921.8,10/13/2020
NorthCoastalRegion,520.00,92.483,6/4/2020
NorthCoastalRegion,5207.0,928.8,10/14/2020
NorthCoastalRegion,5232.0,933.2,10/15/2020
NorthCoastalRegion,5257.00,937.69,10/16/2020
NorthCoastalRegion,5300.0,945.4,10/17/2020
NorthCoastalRegion,534.00,94.973,6/5/2020
NorthCoastalRegion,5352.0,954.6,10/18/2020
NorthCoastalRegion,5392.0,961.8,10/19/2020
NorthCoastalRegion,5432.0,968.9,10/20/2020
NorthCoastalRegion,5467.0,975.1,10/21/2020
NorthCoastalRegion,547.00,97.285,6/6/2020
NorthCoastalRegion,5531.0,986.6,10/22/2020
NorthCoastalRegion,5564.0,992.4,10/23/2020
NorthCoastalRegion,5592.0,997.4,10/24/2020
NorthCoastalRegion,5643.0,1006.5,10/25/2020
NorthCoastalRegion,566.00,100.664,6/7/2020
NorthCoastalRegion,5675.0,1012.2,10/26/2020
NorthCoastalRegion,5719.0,1020.1,10/27/2020
NorthCoastalRegion,572.00,101.731
NorthCoastalRegion,5766.0,1028.5,10/28/2020
NorthCoastalRegion,5819.0,1037.9,10/29/2020
NorthCoastalRegion,585.00,104.043,6/9/2020
NorthCoastalRegion,5874.0,1047.7,10/30/2020
NorthCoastalRegion,5928.0,1057.4,10/31/2020
NorthCoastalRegion,593.00,105.466,6/10/2020
NorthCoastalRegion,5973.0,1065.4,11/1/2020
NorthCoastalRegion,6008.0,1071.6,11/2/2020
NorthCoastalRegion,602.0,107.1,6/11/2020
NorthCoastalRegion,6062.0,1081.3,11/3/2020
NorthCoastalRegion,613,109,6/12/2020
NorthCoastalRegion,6147.0,1096.4,11/4/2020
NorthCoastalRegion,6202.0,1106.2,11/5/2020
NorthCoastalRegion,6282.0,1120.5,11/6/2020
NorthCoastalRegion,629,111.9,6/13/2020
NorthCoastalRegion,6337.0,1130.3,11/7/2020
NorthCoastalRegion,6397.0,1141.0,11/8/2020
NorthCoastalRegion,6458.0,1151.9,11/9/2020
NorthCoastalRegion,649.0,115.4,6/14/2020
NorthCoastalRegion,6540.0,1166.5,11/10/2020
NorthCoastalRegion,6603.0,1177.8,11/11/2020
NorthCoastalRegion,665.00,118.27,6/15/2020
NorthCoastalRegion,6673.00,1190.26,11/12/2020
NorthCoastalRegion,6740.0,1202.2,11/13/2020
NorthCoastalRegion,681.0,121.1,6/16/2020
NorthCoastalRegion,6839.0,1219.9,11/14/2020
NorthCoastalRegion,6916.0,1233.6,11/15/2020
NorthCoastalRegion,6999.0,1248.4,11/16/2020
NorthCoastalRegion,703,125,6/17/2020
NorthCoastalRegion,7109.0,1268.0,11/16/2020
NorthCoastalRegion,7223.0,1288.4,11/18/2020
NorthCoastalRegion,7332.0,1307.8,11/19/2020
NorthCoastalRegion,736.0,130.9,6/18/2020
NorthCoastalRegion,746.0,132.7,6/19/2020
NorthCoastalRegion,7480.0,1334.2,11/20/2020
NorthCoastalRegion,7571.0,1350.4,11/21/2020
NorthCoastalRegion,7683.0,1370.4,11/22/2020
NorthCoastalRegion,774.0,137.7,6/20/2020
NorthCoastalRegion,7869.00,1403.58,11/23/2020
NorthCoastalRegion,806.0,143.3,6/21/2020
NorthCoastalRegion,829.0,147.4,6/22/2020
NorthCoastalRegion,858.0,152.6,6/23/2020
NorthCoastalRegion,8663.0,1545.2,11/28/2020
NorthCoastalRegion,8780.0,1566.1,11/29/2020
NorthCoastalRegion,9024.0,1609.6,11/30/2020
NorthCoastalRegion,9168.0,1635.3,12/1/2020
NorthCoastalRegion,9347.0,1667.2,12/2/2020
NorthCoastalRegion,947.0,168.4,6/25/2020
NorthCoastalRegion,9603.0,1712.9,12/3/2020
NorthCoastalRegion,9860.0,1758.7,12/4/2020
NorthCoastalRegion,992.0,176.4,6/26/2020
NorthInlandRegion,1023.0,168.4,6/20/2020
NorthInlandRegion,10410.0,1690.6,11/28/2020
NorthInlandRegion,10476.0,1701.3,12/4/2020
NorthInlandRegion,10506.0,1706.2,11/29/2020
NorthInlandRegion,1069.0,175.9,6/21/2020
NorthInlandRegion,10691.0,1736.2,11/30/2020
NorthInlandRegion,10884.0,1767.6,12/1/2020
NorthInlandRegion,1102.0,181.4,6/22/2020
NorthInlandRegion,11098.0,1802.3,12/2/2020
NorthInlandRegion,11391.0,1849.9,12/3/2020
NorthInlandRegion,1152.0,189.6,6/23/2020
NorthInlandRegion,11988.0,1946.9,12/5/2020
NorthInlandRegion,12293.0,1996.4,12/6/2020
NorthInlandRegion,1243.0,204.6,6/25/2020
NorthInlandRegion,12497.0,2029.5,12/7/2020
NorthInlandRegion,12789.0,2076.9,12/8/2020
NorthInlandRegion,13070.0,2122.6,12/9/2020
NorthInlandRegion,1314.0,216.3,6/26/2020
NorthInlandRegion,13479.0,2189.0,12/10/2020
NorthInlandRegion,1369.0,225.3,6/27/2020
NorthInlandRegion,13804.0,2241.8,12/11/2020
NorthInlandRegion,14143.0,2296.8,12/12/2020
NorthInlandRegion,1429.0,235.2,6/28/2020
NorthInlandRegion,14476.0,2350.9,12/13/2020
NorthInlandRegion,1463.0,240.8,6/29/2020
NorthInlandRegion,148,24.3579,4/3/2020
NorthInlandRegion,14811.0,2405.3,12/14/2020
NorthInlandRegion,15194.0,2467.5,12/15/2020
NorthInlandRegion,1531.0,252.0,6/30/2020
NorthInlandRegion,158,26.0037,4/5/2020
NorthInlandRegion,1584.0,260.7,7/1/2020
NorthInlandRegion,1623.0,267.1,7/2/2020
NorthInlandRegion,166,27.3203,4/6/2020
NorthInlandRegion,1708.0,281.1,7/3/2020
NorthInlandRegion,175,28.8016,4/7/2020
NorthInlandRegion,1780.0,293.0,7/4/2020
NorthInlandRegion,181,29.789,4/8/2020
NorthInlandRegion,1815.0,298.7,7/5/2020
NorthInlandRegion,1894.0,311.7,7/6/2020
NorthInlandRegion,19245.0,3125.4,12/24/2020
NorthInlandRegion,1935.0,318.5,7/7/2020
NorthInlandRegion,19651.0,3191.3,12/25/2020
NorthInlandRegion,199,32.7515,4/10/2020
NorthInlandRegion,1992.0,327.8,7/8/2020
NorthInlandRegion,20124.0,3268.2,12/26/2020
NorthInlandRegion,20462.0,3323.0,12/27/2020
NorthInlandRegion,206,33.9035,4/11/20
NorthInlandRegion,208,34.2327,4/12/20
NorthInlandRegion,20855.0,3386.9,12/28/2020
NorthInlandRegion,217,35.714,4/13/2020
NorthInlandRegion,224,36.866,4/14/2020
NorthInlandRegion,233,38.347,4/15/2020
NorthInlandRegion,240,39.499,4/16/2020
NorthInlandRegion,2430.0,399.9,7/15/2020
NorthInlandRegion,249,40.981,4/17/2020
NorthInlandRegion,252,41.474,4/18/2020
NorthInlandRegion,262,43.12,4/19/2020
NorthInlandRegion,270,44.437,4/21/2020
NorthInlandRegion,2892.0,476.0,7/22/2020
NorthInlandRegion,292,48.057,4/23/2020
NorthInlandRegion,2962.0,487.5,7/23/2020
NorthInlandRegion,3015.0,496.2,7/24/2020
NorthInlandRegion,3051.0,502.1,7/25/2020
NorthInlandRegion,3099.0,510.0,7/26/2020
NorthInlandRegion,310,51.02,4/26/2020
NorthInlandRegion,3206.0,520.7,7/28/2020
NorthInlandRegion,3241.0,526.3,7/29/2020
NorthInlandRegion,3315.0,538.4,7/30/2020
NorthInlandRegion,335,55.134,4/27/2020
NorthInlandRegion,3375.0,548.1,7/31/2020
NorthInlandRegion,3404.0,552.8,8/1/2020
NorthInlandRegion,3439.0,558.5,8/2/2020
NorthInlandRegion,3475.0,564.3,8/3/2020
NorthInlandRegion,349,57.439,4/28/2020
NorthInlandRegion,3521.0,571.8,8/4/2020
NorthInlandRegion,3558.0,577.8,8/5/2020
NorthInlandRegion,357,58.755,4/29/2020
NorthInlandRegion,3669.0,595.8,8/6/2020
NorthInlandRegion,3766.0,611.6,8/7/2020
NorthInlandRegion,378,62.211,5/1/2020
NorthInlandRegion,382,62.87,5/2/2020
NorthInlandRegion,3824.0,621.0,8/8/2020
NorthInlandRegion,3853.0,625.7,8/9/2020
NorthInlandRegion,386,63.528,5/3/2020
NorthInlandRegion,3891.0,631.9,8/10/2020
NorthInlandRegion,392,64.515,5/4/2020
NorthInlandRegion,3928.0,637.9,8/11/2020
NorthInlandRegion,3963.0,643.6,8/12/2020
NorthInlandRegion,4009.0,651.1,8/13/2020
NorthInlandRegion,405,66.655,5/5/2020
NorthInlandRegion,4073.0,661.5,8/14/2020
NorthInlandRegion,4133.0,671.2,8/15/2020
NorthInlandRegion,415,68.301,5/6/2020
NorthInlandRegion,4178.0,678.5,8/16/2020
NorthInlandRegion,4218.0,685.0,8/17/2020
NorthInlandRegion,4249.0,690.0,8/18/2020
NorthInlandRegion,4288.0,696.4,8/19/2020
NorthInlandRegion,430,70.77,5/7/2020
NorthInlandRegion,4335.0,704.0,8/20/2020
NorthInlandRegion,4381.0,711.5,8/21/2020
NorthInlandRegion,441,72.58,5/8/2020
NorthInlandRegion,4431.0,719.6,8/22/2020
NorthInlandRegion,4468.0,725.6,8/23/2020
NorthInlandRegion,447,73.567,5/9/2020
NorthInlandRegion,4527.0,735.2,8/24/2020
NorthInlandRegion,456,75.049,5/10/2020
NorthInlandRegion,4566.0,741.5,8/25/2020
NorthInlandRegion,4615.0,749.5,8/26/2020
NorthInlandRegion,465,76.53,5/11/2020
NorthInlandRegion,4652.0,755.5,8/27/2020
NorthInlandRegion,4698.0,763.0,8/28/2020
NorthInlandRegion,4729.0,768.0,8/29/2020
NorthInlandRegion,474,78.011,5/12/2020
NorthInlandRegion,4780.0,776.3,8/30/2020
NorthInlandRegion,4834.0,785.0,8/31/2020
NorthInlandRegion,4867.0,790.4,9/1/2020
NorthInlandRegion,487,80.151,5/13/2020
NorthInlandRegion,4913.0,797.9,9/2/2020
NorthInlandRegion,4970.0,807.1,9/3/2020
NorthInlandRegion,5022.0,815.6,9/4/2020
NorthInlandRegion,5083.0,825.5,9/5/2020
NorthInlandRegion,5112.0,830.2,9/6/2020
NorthInlandRegion,5142.0,835.1,9/7/2020
NorthInlandRegion,534,87.886,5/18/2020
NorthInlandRegion,5366.0,871.4,9/13/2020
NorthInlandRegion,541,89.038,5/19/2020
NorthInlandRegion,5412.0,878.9,9/14/2020
NorthInlandRegion,5446.0,884.4,9/15/2020
NorthInlandRegion,5477.0,889.5,9/16/2020
NorthInlandRegion,5529.0,897.9,9/17/2020
NorthInlandRegion,555,91.342,5/20/2020
NorthInlandRegion,5578.0,905.9,9/18/2020
NorthInlandRegion,5603.0,909.9,9/19/2020
NorthInlandRegion,5653.0,918.1,9/20/2020
NorthInlandRegion,568,93.482,5/21/2020
NorthInlandRegion,5683.0,922.9,9/21/2020
NorthInlandRegion,5708.0,927.0,9/22/2020
NorthInlandRegion,5737.0,931.7,9/23/2020
NorthInlandRegion,5784.0,939.3,9/24/2020
NorthInlandRegion,5825.0,946.0,9/25/2020
NorthInlandRegion,5859.0,951.5,9/26/2020
NorthInlandRegion,5883.0,955.4,9/27/2020
NorthInlandRegion,590,97.102,5/23/2020
NorthInlandRegion,5926.0,962.4,9/28/2020
NorthInlandRegion,595,97.925,5/24/2020
NorthInlandRegion,5955.0,967.1,9/29/2020
NorthInlandRegion,5986.0,972.1,9/30/2020
NorthInlandRegion,6028.0,979.0,10/1/2020
NorthInlandRegion,603,99.242,5/25/2020
NorthInlandRegion,6052.0,982.8,10/2/2020
NorthInlandRegion,6085.0,988.2,10/3/2020
NorthInlandRegion,6112.0,992.6,10/4/2020
NorthInlandRegion,6139.0,997.0,10/5/2020
NorthInlandRegion,617,101.546,5/26/2020
NorthInlandRegion,6181.0,1003.8,10/6/2020
NorthInlandRegion,6210.0,1008.5,10/7/2020
NorthInlandRegion,6248.0,1014.7,10/8/2020
NorthInlandRegion,626,103.027,5/27/2020
NorthInlandRegion,6291.0,1021.7,10/9/2020
NorthInlandRegion,6340.0,1029.6,10/10/2020
NorthInlandRegion,635,104.509,5/28/2020
NorthInlandRegion,6368.00,1034.17,10/11/2020
NorthInlandRegion,6403.0,1039.9,10/12/2020
NorthInlandRegion,6437.0,1045.4,10/13/2020
NorthInlandRegion,645,106.154,5/29/2020
NorthInlandRegion,6473.0,1051.2,10/14/2020
NorthInlandRegion,6517.0,1058.4,10/15/2020
NorthInlandRegion,6542.00,1062.43,10/16/2020
NorthInlandRegion,6584.0,1069.2,10/17/2020
NorthInlandRegion,661,108.788,5/30/2020
NorthInlandRegion,6632.0,1077.0,10/18/2020
NorthInlandRegion,664,109.281,5/31/2020
NorthInlandRegion,6683.0,1085.3,10/19/2020
NorthInlandRegion,6719.0,1091.2,10/20/2020
NorthInlandRegion,6747.0,1095.7,10/21/2020
NorthInlandRegion,6798.0,1104.0,10/22/2020
NorthInlandRegion,685,112.738,6/1/2020
NorthInlandRegion,6858.0,1113.7,10/23/2020
NorthInlandRegion,6890.0,1118.9,10/24/2020
NorthInlandRegion,6942.0,1127.4,10/25/2020
NorthInlandRegion,6993.0,1135.7,10/26/2020
NorthInlandRegion,702,115.535,6/2/2020
NorthInlandRegion,7052.0,1145.2,10/27/2020
NorthInlandRegion,7093.0,1151.9,10/28/2020
NorthInlandRegion,7164.0,1163.4,10/29/2020
NorthInlandRegion,720.00,118.498,6/3/2020
NorthInlandRegion,7210.0,1170.9,10/30/2020
NorthInlandRegion,7263.0,1179.5,10/31/2020
NorthInlandRegion,7299.0,1185.4,11/1/2020
NorthInlandRegion,7356.0,1194.6,11/2/2020
NorthInlandRegion,7407.0,1202.9,11/3/2020
NorthInlandRegion,742.00,122.119,6/4/2020
NorthInlandRegion,7468.0,1212.8,11/4/2020
NorthInlandRegion,7524.0,1221.9,11/5/2020
NorthInlandRegion,757.00,124.587,6/5/2020
NorthInlandRegion,7610.0,1235.9,11/6/2020
NorthInlandRegion,766.00,126.069,6/6/2020
NorthInlandRegion,7678.0,1246.9,11/7/2020
NorthInlandRegion,7748.0,1258.3,11/8/2020
NorthInlandRegion,776.00,127.714,6/7/2020
NorthInlandRegion,7832.0,1271.9,11/9/2020
NorthInlandRegion,789.00,129.854
NorthInlandRegion,7905.0,1283.8,11/10/2020
NorthInlandRegion,792.00,130.348,6/9/2020
NorthInlandRegion,7997.0,1298.7,11/11/2020
NorthInlandRegion,809.00,133.145,6/10/2020
NorthInlandRegion,8091.00,1313.98,11/12/2020
NorthInlandRegion,8180.0,1328.4,11/13/2020
NorthInlandRegion,830.0,136.6,6/11/2020
NorthInlandRegion,8320.0,1351.2,11/14/2020
NorthInlandRegion,8433.0,1369.5,11/15/2020
NorthInlandRegion,850,139.9,6/12/2020
NorthInlandRegion,8570.0,1391.8,11/16/2020
NorthInlandRegion,859,141.4,6/13/2020
NorthInlandRegion,8696.0,1412.2,11/16/2020
NorthInlandRegion,878.0,144.5,6/14/2020
NorthInlandRegion,8798.0,1428.8,11/18/2020
NorthInlandRegion,8935.0,1451.1,11/19/2020
NorthInlandRegion,897.00,147.63,6/15/2020
NorthInlandRegion,909.0,149.6,6/16/2020
NorthInlandRegion,9101.0,1478.0,11/20/2020
NorthInlandRegion,9230.0,1499.0,11/21/2020
NorthInlandRegion,9366.0,1521.0,11/22/2020
NorthInlandRegion,943,155.2,6/17/2020
NorthInlandRegion,9582.00,1556.12,11/23/2020
NorthInlandRegion,978.0,161.0,6/18/2020
NorthInlandRegion,995.0,163.8,6/19/2020
SouthRegion,1004,201.24,4/27/2020
SouthRegion,10064.0,2002.6,8/20/2020
SouthRegion,10132.0,2016.2,8/21/2020
SouthRegion,10232.0,2036.1,8/22/2020
SouthRegion,10285.0,2046.6,8/23/2020
SouthRegion,10360.0,2061.5,8/24/2020
SouthRegion,10426.0,2074.7,8/25/2020
SouthRegion,1048,210.059,4/28/2020
SouthRegion,10503.0,2090.0,8/26/2020
SouthRegion,10591.0,2107.5,8/27/2020
SouthRegion,10677.0,2124.6,8/28/2020
SouthRegion,10744.0,2138.0,8/29/2020
SouthRegion,10844.0,2157.9,8/30/2020
SouthRegion,10905.0,2170.0,8/31/2020
SouthRegion,10963.0,2181.5,9/1/2020
SouthRegion,1104,221.283,4/29/2020
SouthRegion,11040.0,2196.9,9/2/2020
SouthRegion,11149.0,2218.5,9/3/2020
SouthRegion,11246.0,2237.8,9/4/2020
SouthRegion,11324.0,2253.4,9/5/2020
SouthRegion,11376.0,2263.7,9/6/2020
SouthRegion,11414.0,2271.3,9/7/2020
SouthRegion,11798.0,2347.7,9/13/2020
SouthRegion,11855.0,2359.0,9/14/2020
SouthRegion,11912.0,2370.4,9/15/2020
SouthRegion,11955.0,2378.9,9/16/2020
SouthRegion,12032.0,2394.3,9/17/2020
SouthRegion,12102.0,2408.2,9/18/2020
SouthRegion,12172.0,2422.1,9/19/2020
SouthRegion,1223,245.135,5/1/2020
SouthRegion,12291.0,2445.8,9/20/2020
SouthRegion,12331.0,2453.7,9/21/2020
SouthRegion,12398.0,2467.1,9/22/2020
SouthRegion,12441.0,2475.6,9/23/2020
SouthRegion,1252,250.948,5/2/2020
SouthRegion,12559.0,2499.1,9/24/2020
SouthRegion,12658.0,2518.8,9/25/2020
SouthRegion,12720.0,2531.2,9/26/2020
SouthRegion,12784.0,2543.9,9/27/2020
SouthRegion,12849.0,2556.8,9/28/2020
SouthRegion,12892.0,2565.4,9/29/2020
SouthRegion,12972.0,2581.3,9/30/2020
SouthRegion,1299,260.369,5/3/2020
SouthRegion,13073.0,2601.4,10/1/2020
SouthRegion,13196.0,2625.9,10/2/2020
SouthRegion,13256.0,2637.8,10/3/2020
SouthRegion,13335.0,2653.5,10/4/2020
SouthRegion,13377.0,2661.9,10/5/2020
SouthRegion,13499.0,2686.2,10/6/2020
SouthRegion,13573.0,2700.9,10/7/2020
SouthRegion,1367,273.998,5/4/2020
SouthRegion,13683.0,2722.8,10/8/2020
SouthRegion,13764.0,2738.9,10/9/2020
SouthRegion,13890.0,2764.0,10/10/2020
SouthRegion,13947.00,2775.32,10/11/2020
SouthRegion,14026.0,2791.0,10/12/2020
SouthRegion,14077.0,2801.2,10/13/2020
SouthRegion,14133.0,2812.3,10/14/2020
SouthRegion,14231.0,2831.8,10/15/2020
SouthRegion,14276.00,2840.79,10/16/2020
SouthRegion,1433,287.227,5/5/2020
SouthRegion,14395.0,2864.5,10/17/2020
SouthRegion,14496.0,2884.6,10/18/2020
SouthRegion,14580.0,2901.3,10/19/2020
SouthRegion,14635.0,2912.2,10/20/2020
SouthRegion,14696.0,2924.4,10/21/2020
SouthRegion,1476,295.846,5/6/2020
SouthRegion,14805.0,2946.1,10/22/2020
SouthRegion,14912.0,2967.3,10/23/2020
SouthRegion,15005.0,2985.8,10/24/2020
SouthRegion,15094.0,3003.6,10/25/2020
SouthRegion,15148.0,3014.3,10/26/2020
SouthRegion,15219.0,3028.4,10/27/2020
SouthRegion,15299.0,3044.4,10/28/2020
SouthRegion,15395.0,3063.5,10/29/2020
SouthRegion,15482.0,3080.8,10/30/2020
SouthRegion,15566.0,3097.5,10/31/2020
SouthRegion,1561,312.883,5/7/2020
SouthRegion,15645.0,3113.2,11/1/2020
SouthRegion,15709.0,3125.9,11/2/2020
SouthRegion,15793.0,3142.7,11/3/2020
SouthRegion,15887.0,3161.4,11/4/2020
SouthRegion,1589,318.496,5/8/2020
SouthRegion,15999.0,3183.6,11/5/2020
SouthRegion,160,32.07,4/3/2020
SouthRegion,16118.0,3207.3,11/6/2020
SouthRegion,16231.0,3229.8,11/7/2020
SouthRegion,16320.0,3247.5,11/8/2020
SouthRegion,16419.0,3267.2,11/9/2020
SouthRegion,1655,331.724,5/9/2020
SouthRegion,16562.0,3295.7,11/10/2020
SouthRegion,16689.0,3320.9,11/11/2020
SouthRegion,16800.00,3343.04,11/12/2020
SouthRegion,16979.0,3378.7,11/13/2020
SouthRegion,1723,345.354,5/10/2020
SouthRegion,17336.0,3449.7,11/14/2020
SouthRegion,17494.0,3481.1,11/15/2020
SouthRegion,1761,352.971,5/11/2020
SouthRegion,17628.0,3507.8,11/16/2020
SouthRegion,17863.0,3554.6,11/16/2020
SouthRegion,18014.0,3584.6,11/18/2020
SouthRegion,1810,362.792,5/12/2020
SouthRegion,18283.0,3638.1,11/19/2020
SouthRegion,1855,371.812,5/13/2020
SouthRegion,18599.0,3701.0,11/20/2020
SouthRegion,18833.0,3747.6,11/21/2020
SouthRegion,19119.0,3804.5,11/22/2020
SouthRegion,19511.00,3882.50,11/23/2020
SouthRegion,197,39.4862,4/5/2020
SouthRegion,2107,422.322,5/18/2020
SouthRegion,21091.0,4196.9,11/28/2020
SouthRegion,21334.0,4245.3,11/29/2020
SouthRegion,2152,431.342,5/19/2020
SouthRegion,21638.0,4305.8,11/30/2020
SouthRegion,21913.0,4360.5,12/1/2020
SouthRegion,22244.0,4426.3,12/2/2020
SouthRegion,2230,446.976,5/20/2020
SouthRegion,225,45.0985,4/6/2020
SouthRegion,2262,453.39,5/21/2020
SouthRegion,22754.0,4527.8,12/3/2020
SouthRegion,23233.0,4623.1,12/4/2020
SouthRegion,2358,472.632,5/23/2020
SouthRegion,23620.0,4700.2,12/5/2020
SouthRegion,2398,480.65,5/24/2020
SouthRegion,24102.0,4796.1,12/6/2020
SouthRegion,24351.0,4845.6,12/7/2020
SouthRegion,2437,488.467,5/25/2020
SouthRegion,2477,496.484,5/26/2020
SouthRegion,24877.0,4950.3,12/8/2020
SouthRegion,2513,503.7,5/27/2020
SouthRegion,253,50.7108,4/7/2020
SouthRegion,25387.0,5051.8,12/9/2020
SouthRegion,2563,513.722,5/28/2020
SouthRegion,25946.0,5163.0,12/10/2020
SouthRegion,2614,523.944,5/29/2020
SouthRegion,26451.0,5263.5,12/11/2020
SouthRegion,2651,531.36,5/30/2020
SouthRegion,2682,537.574,5/31/2020
SouthRegion,27005.0,5373.7,12/12/2020
SouthRegion,2705,542.184,6/1/2020
SouthRegion,27512.0,5474.6,12/13/2020
SouthRegion,2752,551.605,6/2/2020
SouthRegion,27962.0,5564.2,12/14/2020
SouthRegion,2797.00,560.624,6/3/2020
SouthRegion,28798.0,5730.5,12/15/2020
SouthRegion,289,57.9265,4/8/2020
SouthRegion,2892.00,579.666,6/4/2020
SouthRegion,2945.00,590.289,6/5/2020
SouthRegion,2986.00,598.507,6/6/2020
SouthRegion,3040.00,609.331,6/7/2020
SouthRegion,3082.00,617.749
SouthRegion,3115.00,624.364,6/9/2020
SouthRegion,3171.00,635.588,6/10/2020
SouthRegion,3212.0,643.8,6/11/2020
SouthRegion,324,64.9418,4/10/2020
SouthRegion,3266,654.6,6/12/2020
SouthRegion,3288,659,6/13/2020
SouthRegion,3342.0,669.9,6/14/2020
SouthRegion,335,67.1466,4/11/20
SouthRegion,3385.00,678.48,6/15/2020
SouthRegion,3419.0,685.3,6/16/2020
SouthRegion,34574.0,6879.9,12/24/2020
SouthRegion,3465,694.5,6/17/2020
SouthRegion,35203.0,7005.1,12/25/2020
SouthRegion,3543.0,710.2,6/18/2020
SouthRegion,357,71.5563,4/12/20
SouthRegion,3576.0,716.8,6/19/2020
SouthRegion,35886.0,7141.0,12/26/2020
SouthRegion,36286.0,7220.6,12/27/2020
SouthRegion,3667.0,735.0,6/20/2020
SouthRegion,36772.0,7317.3,12/28/2020
SouthRegion,3747.0,751.0,6/21/2020
SouthRegion,3791.0,759.9,6/22/2020
SouthRegion,3855.0,772.7,6/23/2020
SouthRegion,390,78.171,4/13/2020
SouthRegion,4025.0,806.8,6/25/2020
SouthRegion,4134.0,828.6,6/26/2020
SouthRegion,414,82.981,4/14/2020
SouthRegion,4235.0,848.9,6/27/2020
SouthRegion,4391.0,880.1,6/28/2020
SouthRegion,442,88.593,4/15/2020
SouthRegion,4466.0,895.2,6/29/2020
SouthRegion,4566.0,915.2,6/30/2020
SouthRegion,463,92.803,4/16/2020
SouthRegion,4684.0,938.9,7/1/2020
SouthRegion,4782.0,958.5,7/2/2020
SouthRegion,482,96.611,4/17/2020
SouthRegion,4872.0,976.5,7/3/2020
SouthRegion,5024.0,1007.0,7/4/2020
SouthRegion,506,101.422,4/18/2020
SouthRegion,5124.0,1027.0,7/5/2020
SouthRegion,5274.0,1057.1,7/6/2020
SouthRegion,528,105.831,4/19/2020
SouthRegion,5336.0,1069.5,7/7/2020
SouthRegion,5476.0,1097.6,7/8/2020
SouthRegion,608,121.866,4/21/2020
SouthRegion,6269.0,1256.5,7/15/2020
SouthRegion,7193.0,1441.7,7/22/2020
SouthRegion,7353.0,1473.8,7/23/2020
SouthRegion,7558.0,1514.9,7/24/2020
SouthRegion,7639.0,1531.1,7/25/2020
SouthRegion,773,154.938,4/23/2020
SouthRegion,7782.0,1559.8,7/26/2020
SouthRegion,8001.0,1592.1,7/28/2020
SouthRegion,8121.0,1616.0,7/29/2020
SouthRegion,8229.0,1637.5,7/30/2020
SouthRegion,8379.0,1667.3,7/31/2020
SouthRegion,8474.0,1686.2,8/1/2020
SouthRegion,8564.0,1704.2,8/2/2020
SouthRegion,8653.0,1721.9,8/3/2020
SouthRegion,8752.0,1741.6,8/4/2020
SouthRegion,8824.0,1755.9,8/5/2020
SouthRegion,8989.0,1788.7,8/6/2020
SouthRegion,9108.0,1812.4,8/7/2020
SouthRegion,9227.0,1836.1,8/8/2020
SouthRegion,9286.0,1847.8,8/9/2020
SouthRegion,931,186.608,4/26/2020
SouthRegion,9321.0,1854.8,8/10/2020
SouthRegion,9381.0,1866.7,8/11/2020
SouthRegion,9458.0,1882.1,8/12/2020
SouthRegion,9559.0,1902.1,8/13/2020
SouthRegion,9633.0,1916.9,8/14/2020
SouthRegion,9729.0,1936.0,8/15/2020
SouthRegion,9816.0,1953.3,8/16/2020
SouthRegion,9865.0,1963.0,8/17/2020
SouthRegion,9919.0,1973.8,8/18/2020
SouthRegion,9970.0,1983.9,8/19/2020
